module_name,balancing,balancing,balancing,battery,battery,battery,battery,battery,battery,battery,battery,battery,battery,grid,grid,grid,grid,grid,grid,grid,grid,load,load,load,load,load,load,load,load,load,renewable29.csv.gz,renewable29.csv.gz,renewable29.csv.gz,renewable29.csv.gz,balance,balance,balance,balance,balance,balance,balance,balance,balance,balance,custom_reward
module_number,0,0,0,0,0,0,0,0,1,1,1,1,1,0,0,0,0,0,0,0,0,0,0,0,1,1,1,2,2,2,0,0,0,0,0,0,0,0,0,0,0,0,0,0,
field,loss_load,overgeneration,reward,charge_amount,current_charge,discharge_amount,reward,soc,charge_amount,current_charge,discharge_amount,reward,soc,co2_per_kwh_current,co2_production,export_price_current,grid_export,grid_import,grid_status_current,import_price_current,reward,load_current,load_met,reward,load_current,load_met,reward,load_current,load_met,reward,curtailment,renewable_current,renewable_used,reward,reward,shaped_reward,overall_provided_to_microgrid,overall_absorbed_from_microgrid,flex_provided_to_microgrid,flex_absorbed_from_microgrid,controllable_provided_to_microgrid,controllable_absorbed_from_microgrid,fixed_provided_to_microgrid,fixed_absorbed_from_microgrid,
0,19309.5082444801,0.0,-193095.082444801,0.0,290.40000000000003,0.0,-0.0,0.2,0.0,290.40000000000003,0.0,-0.0,0.2,0.239757908,0.0,0.0,0.0,0.0,1.0,0.08,-0.0,-7555.716557122502,7555.716557122502,0.0,-2997.4261578879723,2997.4261578879723,0.0,-8756.365529469624,8756.365529469624,0.0,0.0,0.0,0.0,0.0,-193095.082444801,-193095.082444801,19309.5082444801,19309.5082444801,19309.5082444801,0.0,0.0,0.0,0.0,19309.5082444801,-10.0
1,15265.98486627896,0.0,-152659.84866278962,0.0,290.40000000000003,0.0,-0.0,0.2,0.0,290.40000000000003,0.0,-0.0,0.2,0.273658597,0.0,0.0,0.0,0.0,1.0,0.08,-0.0,-7554.699201588847,7554.699201588847,0.0,-1966.51514482345,1966.51514482345,0.0,-5744.7705198666645,5744.7705198666645,0.0,0.0,0.0,0.0,0.0,-152659.84866278962,-152659.84866278962,15265.98486627896,15265.98486627896,15265.98486627896,0.0,0.0,0.0,0.0,15265.98486627896,-10.0
2,15275.438420870989,0.0,-152754.38420870987,0.0,290.40000000000003,0.0,-0.0,0.2,0.0,290.40000000000003,0.0,-0.0,0.2,0.270383127,0.0,0.0,0.0,0.0,1.0,0.08,-0.0,-7553.522489108409,7553.522489108409,0.0,-1969.226052200056,1969.226052200056,0.0,-5752.689879562524,5752.689879562524,0.0,0.0,0.0,0.0,0.0,-152754.38420870987,-152754.38420870987,15275.438420870989,15275.438420870989,15275.438420870989,0.0,0.0,0.0,0.0,15275.438420870989,-10.0
